video_title,comment_text,comment_author,comment_date,comment_likes,comment_reply_count
feliz ano novo  podpah 34,passei aqui so pra falar seus pilantras usaram o flow _l_,chaves chaves chavao,2021-01-06T02:40:53Z,1000,38
feliz ano novo  podpah 34,foi escroto sim o que fizeram com o flow to me desinscrevendo,felipe melo,2021-01-06T02:59:48Z,821,43
feliz ano novo  podpah 34,dois canalhas sempre senti que esses dois eram malandros e meteram o pe no pessoal do flow,alvesss,2021-01-06T02:26:05Z,757,25
feliz ano novo  podpah 34,quando eles forem pro estudio novo e comecarem a postar todo dia vao passar o flow guardem minhas palavras,kznpjl,2020-12-29T22:50:24Z,636,111
feliz ano novo  podpah 34,menos 1 inscrito  aprendam a ser homens e tenha palavra  seus falsos,marcelo zumbi,2021-01-06T03:54:09Z,593,25
feliz ano novo  podpah 34,podcast de podre moralidade dos apresentadores de terem passado a perna no flow ta la em baixo,matheus andrade,2021-01-06T03:08:15Z,593,13
feliz ano novo  podpah 34,podcast dos ingratos kkkkkkkkk,don bolado,2021-01-05T08:58:40Z,579,17
feliz ano novo  podpah 34,o carisma desses caras nao tem igual formaram uma dupla incrivel,coloca o fone podcast,2020-12-30T19:01:36Z,515,10
feliz ano novo  podpah 34,so estou vendo dois sanguessugas depois de conseguirem sugar tudo o que podiam do flow os caras metem o pe,emerson,2021-01-06T03:12:49Z,481,26
feliz ano novo  podpah 34,tudo isso so aconteceu por conta do flow e agora vao meter o pe pq conseguiram grana agora que da dinheiro n vale a pena mulecagem pura,que fisico,2021-01-02T21:15:09Z,454,30
new york treta  podpah 33,mano mitico e igao sao resenhas demais valeu pelo convite rapaziada foi um prazer participar do podpah sucesso pra voces ,new york treta,2020-12-27T01:02:22Z,3735,49
new york treta  podpah 33,esses moleque e zika e inteligentes ,everson zoio,2020-12-27T01:43:31Z,3144,43
new york treta  podpah 33,bolsobarbie morreu f,maionese,2020-12-26T19:53:23Z,794,92
new york treta  podpah 33,quem mais gostaria da tigresa vip no podpah tigresanopodpah,trechos de podcast,2020-12-26T20:54:24Z,454,25
new york treta  podpah 33,mo resenha kkkkk,castiel,2020-12-27T13:36:02Z,313,4
new york treta  podpah 33,o mitico ta parecendo um vidro de shampoo da johnsons baby,thiago candido,2020-12-26T23:08:56Z,313,6
new york treta  podpah 33,tem que colocar o whindersson vs vitao nas regras do pride,dkart,2020-12-26T19:36:52Z,286,9
new york treta  podpah 33,"casal do vitao whindersson e luiza

meu casal matheus vercosa e larissa manoela",guilherme f martins,2020-12-26T19:14:04Z,223,15
new york treta  podpah 33,uma luta do mitico com fellipe escudeiro essa eu quero ver  kkkk podpah,tiago silva,2020-12-26T20:13:48Z,188,7
new york treta  podpah 33,zoio te desafio a engravidar um anao,leo,2020-12-27T01:45:12Z,126,
sem convidado   podpah 32,muitoo legal fazer esse formato com os 2 trocando ideia os dois rendem muito bem parabens ao trampo,pedro botrel,2020-12-22T22:56:40Z,574,4
sem convidado   podpah 32,igao e mitoco troca um papo muito dahora nao e uma parada forcada os cara e natural foda demais,mente positiva,2020-12-22T22:24:09Z,550,10
sem convidado   podpah 32,certeza que o convidado ramelou ai eles falaram fodase vamos sem esse cara mesmo,dener rodrigues,2020-12-22T22:19:08Z,526,32
sem convidado   podpah 32,o igao disse uma vez que so ia chamar o cocielo quando o podcast falisse e hoje o podcast esta sem convidado kkkkkkkkkkkk,mauro ferreira,2020-12-23T01:48:16Z,506,15
sem convidado   podpah 32,pra quem veio dps comeca 509,kaioshin,2020-12-22T23:17:11Z,338,10
sem convidado   podpah 32,50x melhor voces dois trocando ideia do que essa porra de salvador,ellyan daltue,2020-12-23T01:57:44Z,175,5
sem convidado   podpah 32,chamaaaaaa pai ahahah vamo encosta,diego cueca,2020-12-23T13:19:02Z,145,5
sem convidado   podpah 32,ficou muito mais daora do que se esse salvador fosse certeza mlk chatao,matheus melo,2020-12-22T22:43:18Z,93,8
sem convidado   podpah 32,360 mil views sem convidado parabens vcs ganharam o trofeu de bixao memo eim doido,gilberto abrahao,2020-12-23T02:11:35Z,84,3
sem convidado   podpah 32,quando salvador chegar vai vim falando que foi o sistema querendo derrubar ele kkkkkkkkkjj,rhian dorea,2020-12-23T06:39:56Z,73,1
kawe   podpah 30,chama o renato garcia no podcast,ramoncion,2020-12-21T01:12:42Z,980,78
kawe   podpah 30,tmj mitiqueraaaaa ,boquinha,2020-12-20T17:27:32Z,823,25
kawe   podpah 30,kawe humildade pura,mente positiva,2020-12-19T20:44:05Z,445,2
kawe   podpah 30,"lindo dms ver alguns mlk de batalha ganhando reconhecimento e tem muita gente talentosa dms pra ser mostrada ainda 
kawe e monstro ",batalha do villa,2020-12-19T20:03:36Z,426,5
kawe   podpah 30,o mitico ta mo dahora aprendeu a se comportar em podcast kkkkkkkkkkk,lucas souza,2020-12-20T02:36:04Z,200,7
kawe   podpah 30,"kawe e muito foda esse e inspiracao pra muitos

mano bagulho e chamar o yunk vino ai",dusik,2020-12-20T05:53:55Z,126,3
kawe   podpah 30,esperando o podpah com o hungria hip hop,matheus borges,2020-12-20T01:02:45Z,123,0
kawe   podpah 30,"peticao para chamarem o kotaka e o maicon kuster
",thalles dias,2020-12-19T19:47:32Z,118,0
kawe   podpah 30,"ninguem

absolutamente ninguem

kawe ta ligado",hoykey,2020-12-19T22:05:32Z,107,4
kawe   podpah 30,caraca ja sao 30 episodios o 1o parece que foi ontem podpah ta voando fio,jnts,2020-12-19T21:14:47Z,99,0
dani russo   podpah 29,obrigada pelo convite amei estar com voces ,dani russo tv,2020-12-18T23:50:42Z,4629,72
dani russo   podpah 29,foi a primeira convidada que era mais amiga do mitico do que do igao kkkkkkkk,carlos batista,2020-12-19T14:17:58Z,746,2
dani russo   podpah 29,"comeca em 250
de nada",marlon xflash,2020-12-18T22:52:11Z,656,15
dani russo   podpah 29,eu fui no barraco de plastico tenho esses videos na minha playlist kkkkkk queria um dia ir ai conta essas fita que tive com vcs 2 uhsauhsahu,aka padua,2020-12-19T15:25:49Z,592,11
dani russo   podpah 29,zika dimais  gratidao a mente cria e atrai,jhef oficial,2020-12-21T05:08:20Z,564,3
dani russo   podpah 29,igao parece ser um cara mto gente boa parece ser uma pessoa de coracao bom demais,doguinho deitado,2020-12-19T01:07:55Z,544,11
dani russo   podpah 29,mt legal ver que a dani ainda tem contato com o mitico era foda demais acompanhar os dois nas antigas quero mais minas presentes hein ,livia rodrigues,2020-12-18T22:18:35Z,501,3
dani russo   podpah 29,"amor seja onde estiver boa pra nois

igao 2020",vinicius gomes,2020-12-18T23:45:13Z,422,2
dani russo   podpah 29,papo daora demais,elegante,2020-12-19T07:22:32Z,397,9
dani russo   podpah 29,dani russo foda demais,mente positiva,2020-12-18T22:07:58Z,353,2
bruno vlogs   podpah 28,os cara muito juvenil nao manja dos gta,maneirando,2020-12-18T06:17:14Z,1284,44
bruno vlogs   podpah 28,chama o felipistando,caua lucas,2020-12-17T22:27:38Z,465,19
bruno vlogs   podpah 28,voces sao foda ,na alta com carol,2020-12-18T07:03:24Z,360,5
bruno vlogs   podpah 28,os cara tem 30 anos e nao sabiam que dava pra jogar de 2 no gta san andreas kkkkkkk,will de lucca,2020-12-18T01:30:10Z,341,36
bruno vlogs   podpah 28,"comeca em 451

de nada",daniel pilotto,2020-12-17T22:51:59Z,265,10
bruno vlogs   podpah 28,como assim os caras nao sabiam que dava pra jogar gta san andreas de 2 no ps2 caralho eu so jogava de 2 no ps2,pedro eduardo,2020-12-17T23:10:40Z,234,20
bruno vlogs   podpah 28,todo podpah tem que ter um role aleatorio do igao,podceh,2020-12-17T23:04:33Z,169,4
bruno vlogs   podpah 28,traz o negao da bl e a gisele seria dahora,rodri,2020-12-18T05:24:22Z,155,1
bruno vlogs   podpah 28,e o baile pega na rua de baixo,podpah pocket,2020-12-17T22:16:23Z,140,6
bruno vlogs   podpah 28,chama o felipestando aquele frango kkkkkkkk,mandrake,2020-12-18T00:35:47Z,139,5
kayblack   podpah 27,mc caveirinha cresceu o,aleatoriamente,2020-12-07T20:11:33Z,2428,74
kayblack   podpah 27,keyblack e monstro,murilo azevedo oficial,2020-12-07T20:22:08Z,923,33
kayblack   podpah 27,da gosto de ver a forma como os apresentadores do podpah sentem prazer em trocar ideia com os mano,akaviny,2020-12-08T00:02:36Z,548,9
kayblack   podpah 27,chama o yunk vino vai ser daora demais,isabela,2020-12-07T20:50:38Z,490,44
kayblack   podpah 27,musica cunhada e pesada demais mano se loko que som gostoso de ouvir esse negao e brabo demais,mente positiva,2020-12-08T01:01:45Z,479,8
kayblack   podpah 27,finalmente o mais pedido esse mlk e foda maximo respeito,4x4 lyrics,2020-12-07T19:56:44Z,449,12
kayblack   podpah 27,seria foda o bin no podpah slk ia ser monstro,petherson gomes,2020-12-07T21:00:01Z,395,13
kayblack   podpah 27,esqueceram de perguntar como foi trombar o ney neh kkkkkkk carai,matheus souza dos santos,2020-12-07T20:08:26Z,255,4
kayblack   podpah 27,"podpah ta muito gringo slk trouxeram o ski mask nesse garaio  


e zueira antes que venham militar ",kodemack,2020-12-07T21:15:52Z,215,20
kayblack   podpah 27,dps da vergonha q o mitico passou no podcast com o zoio nem ta bebendo mais kkkk os cara ficaram puto com ele ctz,telzinho,2020-12-08T16:39:13Z,199,13
everson zoio   podpah 26,desafio agora e eu rever tudo ,everson zoio,2020-12-06T02:41:21Z,48096,487
everson zoio   podpah 26,cade o cara da playlist dos melhores momentos ,zoio do dia,2020-12-06T17:02:00Z,11529,143
everson zoio   podpah 26,nossaaa sinhooraaa mermao,familia everson zoio,2020-12-06T04:18:59Z,8403,42
everson zoio   podpah 26,meu amigo esse foi o melhor sabado da minha vida e as 6 horas mais bem gasta de todas kkkkkkkkk,corre berg,2020-12-05T23:57:08Z,5917,74
everson zoio   podpah 26,so faltou o alek pra quebrar a internet,detetive youtuber,2020-12-06T07:17:28Z,4482,54
everson zoio   podpah 26,a humildade do zoio e gigante,podpah pocket,2020-12-06T19:52:09Z,3768,44
everson zoio   podpah 26,peticao para acrescentar o lucas no podpah,anna clara bruniii,2020-12-18T00:10:16Z,3149,76
everson zoio   podpah 26,tirem o alcool do mitico kkkkkkkkkk,caua souza,2020-12-07T17:47:08Z,2765,50
everson zoio   podpah 26,o conteudo dessa entrevista deveria ser cobrado no enem kkk,luiz paullo,2021-01-31T14:51:03Z,2736,35
everson zoio   podpah 26,"medico voce so mais 6 horas de vida

eu",ultralightt,2020-12-06T01:13:13Z,2427,52
murilo couto   podpah 25,incrivel a humildade desses cara muito daora chamarem esse mendigo simpatico,fabio lucas,2020-12-04T20:29:50Z,3946,80
murilo couto   podpah 25,carai o mionzinho fala,aleatoriamente,2020-12-04T20:55:43Z,3071,38
murilo couto   podpah 25,pq esse arabe ta no flow,woods,2020-12-04T21:02:31Z,2451,64
murilo couto   podpah 25,crlh que da hora conseguiram que o homem das pedras viesse ao programa muito foda,zk music,2020-12-05T11:53:59Z,800,11
murilo couto   podpah 25,podpah muito humilde ja estao ate convidando os mendigos,reynan,2020-12-04T21:06:27Z,745,6
murilo couto   podpah 25,mendigo  iraquiano rapper negro ator e comediante  melhor pessoa,inconveniente,2020-12-07T01:20:33Z,724,19
murilo couto   podpah 25,nao q estranho,o igao falou sobre o mano brown,2020-12-04T20:21:38Z,599,11
murilo couto   podpah 25,putaria e pregacao,podpah pocket,2020-12-04T20:38:12Z,512,2
murilo couto   podpah 25,"fim da vinheta 400
fim do merchan e inicio do programa 553",4x4 lyrics,2020-12-04T20:15:42Z,494,20
murilo couto   podpah 25,diguinho ja e do grupo de risco antes do corona existir kkkkkkkkkkkkkkkkkkkkkkkkkkkk,kuro,2020-12-06T01:05:31Z,443,1
joao mmmv  podpah 24,chamaaaaaaaaaaaaaaaaaaaaaaaaaaaaaaaaaaa,insanos producoes,2020-12-02T23:45:35Z,1376,50
joao mmmv  podpah 24,lembro de chegar da escola pegar meu prato do almoco e correr pro pc pra assitir um videozao de 40 min do joao,diego,2020-12-02T20:11:21Z,1266,25
joao mmmv  podpah 24,agora tem que trazer o dudu em quem apoia,ranie corra,2020-12-02T21:41:21Z,955,17
joao mmmv  podpah 24,eu acompanho o joao desde 2011 e e nitida q felicidade dele e da elaine quase todos os videos recentes do mmmv eu chorei de alegria a gente acompanha tanto o cara que ele parece ser da minha familia parabens pica seca,aleatoriamente,2020-12-03T14:03:58Z,748,18
joao mmmv  podpah 24,joao pode ir em 100 podcasts diferentes que vou assistir todos a humildade e o carisma desse cara vai alem,pedro miolo,2020-12-02T23:05:17Z,741,8
joao mmmv  podpah 24,com todo o respeito mas o joao e o cara mais pica do youtube,lucas zollinger,2020-12-03T00:05:43Z,498,2
joao mmmv  podpah 24,olha o papo do joao so visao alem do que ele tem conteudo pra conversar pra caralho e um dos caras q mais admiro e acompanho sempre nesse youtube tudo de sucesso e de bom pra ti jao,straik,2020-12-02T20:10:11Z,430,6
joao mmmv  podpah 24,unico podcast que eu assisto inteiro joao e zikaaa,victtor,2020-12-02T20:39:43Z,410,3
joao mmmv  podpah 24,"mano saudades do skate of corote e trotes cretinos 
mais alguem lembra uns 78 anos atras




 cortes no canal",all slots brasil,2020-12-02T20:09:45Z,365,2
joao mmmv  podpah 24,bang,podpah pocket,2020-12-02T20:20:37Z,311,1
t3ddy   podpah 23,t3ddy e dahora demais kkkkkk,mente positiva,2020-11-30T20:02:27Z,2840,17
t3ddy   podpah 23,mano o teddy e um cara muito firmeza de troca ideia,pedro modesto,2020-12-01T00:50:40Z,2560,70
t3ddy   podpah 23,deve ser mt daora ter o t3ddy como idolo ele se preocupa demais com os fas dele,mau coelho,2020-12-01T23:18:03Z,2289,41
t3ddy   podpah 23,t3ddy fazendo de tudo pra n falar q o filme e horrivel,hiago teles,2020-11-30T21:07:05Z,2226,7
t3ddy   podpah 23,t3ddy pela primeira vez visto tendo interacao com outros humanos e nao com objetos do seu escritorio,ryuk sad,2022-01-06T17:41:04Z,1538,6
t3ddy   podpah 23,convidem a priscila evelyn seria dhr vcs trocando ideia com alguma mina tambem,nike boyz,2020-11-30T21:03:53Z,1487,24
t3ddy   podpah 23,t3ddy homao da porra,aleatoriamente,2020-12-01T09:15:49Z,1396,32
t3ddy   podpah 23,"mitico e igao a
t3ddy e olha que eu sou vida loka hein",renan bandeira,2020-11-30T20:05:16Z,1152,4
t3ddy   podpah 23,primeira vez que eu vejo o t3ddy falando serio kkkkk,grafite 07,2021-06-23T06:40:15Z,1075,2
t3ddy   podpah 23,o melhor e no meio o t3ddy comecando a entrevistar eles kskjjskslksskjj,giovana ezquerro,2020-12-06T02:06:55Z,831,1
derek recayd mob  podpah 22,oi ne,ttf,2020-11-28T20:21:44Z,4974,99
derek recayd mob  podpah 22,brabao,leozin,2020-11-29T18:14:35Z,1267,21
derek recayd mob  podpah 22,traz o dfideliz up pra eles notar,kaua alves,2020-11-28T21:30:36Z,931,28
derek recayd mob  podpah 22,chama o kayblack,marcos ferreira,2020-11-28T20:27:40Z,880,27
derek recayd mob  podpah 22,"esse foi mais um episodio do historias de escola muito obrigado 
derek voce e monstro",podpah pocket,2020-11-28T20:19:56Z,580,12
derek recayd mob  podpah 22,derek sozinho e diferente troca umas ideias daora,opinioes nao solicitadas ,2020-11-30T00:52:11Z,517,35
derek recayd mob  podpah 22,"sidoka e teto nas proximas ne
edit carai o pai ta famoso",moraess,2020-11-28T20:39:10Z,484,41
derek recayd mob  podpah 22,traz o sidoka igor imagina que foda,y a r l e y,2020-11-28T20:57:02Z,382,17
derek recayd mob  podpah 22,mano podia tentar trazer um so com o mc igu pra ele se sentir mais a vontade e tentar cvsar mais talvez assim a gente teria uma entrevista ou algo mais parecido mais completo sobre o artista,vitor duque,2020-11-28T20:49:38Z,374,14
derek recayd mob  podpah 22,kkkk top d derek monstro,all slots brasil,2020-11-28T20:41:57Z,321,0
spooky houses   podpah 21,sempre e interessante os assunto do tio spooky,corazon,2020-11-28T01:36:26Z,5528,54
spooky houses   podpah 21,chama ele de novo urgente kkk kkk ele merece mais umas 4hrs de podcast,seja linda,2020-12-03T22:38:20Z,3000,21
spooky houses   podpah 21,tio spook conta a historia dele mil vezes e nessas mil vezes tenho a mesma vontade e curiosidade de ouvir,fernando sousa,2020-11-28T17:26:57Z,2725,27
spooky houses   podpah 21,spooky parece um bb que comeu um armario,turma 901 csd,2020-12-10T09:47:29Z,2445,46
spooky houses   podpah 21,"igao tem alguem me segurando
mitico kkkkkkkkkkkkkkkkkkkkkkkkkk
spooky tem

",dalton lima,2020-12-06T16:38:24Z,2088,17
spooky houses   podpah 21,super xandao e o caraio o tio spooky e o dobro do tamanho e luta com espiritos de verdade kkkkkk,lollayerm,2020-11-29T08:50:45Z,1550,23
spooky houses   podpah 21,tem um comodo da minha casa q tem uma energia horrivel sempre q eu vou naquele comodo eu me irrito mas tem um motivo meu irmao mais velho vive la,socrates,2020-11-29T22:55:56Z,904,23
spooky houses   podpah 21,o cara e cacafantasma  bodybuilder e ja foi sniper xandao ta ficando pra traz hein ultimo heroi da terra e o spooky hahahahahahahahahaha,oprimeirovinicius,2020-11-27T22:26:02Z,872,78
spooky houses   podpah 21,"parabens a voces
tenho 56 anos e fui apresentado ao canal pelo meu filho de 20 anos
um linguajar jovem contemporaneo palavroes kkkk mas tudo bem
senti que foram muito sinceros
o spooky e otimo
desejo muito sucesso a voces e lembrem se de andarem sempre no bem",navegador2012jcr,2020-12-20T21:57:31Z,842,28
spooky houses   podpah 21,"mitico zuando a situacao
spooky mas tem mesmo
mitico nao perai

kkkkkkkkkkkkkkkkkkkkkkkkkkkkkkkkkk",eduardo ferreira,2020-11-28T00:10:31Z,842,10
don cesao   podpah 20,"o flow nunca chamou mas espero que voces chamem 

pelo amor de tudo o que e sagrado troquem ideia com sant
mlk do rio uma mente muito foda de se conhecer pprt vao atras",joao gabriel,2020-11-25T20:25:56Z,918,70
don cesao   podpah 20,tem q chamar o sant ,nicolas marques silvestre,2020-11-25T21:49:45Z,342,24
don cesao   podpah 20,"como voces se sentiram ao apertar a mao dele   
edit chamem o sant",gabriel,2020-11-25T21:00:09Z,257,9
don cesao   podpah 20,traz o tio tio dexter oitavo anjo e o mano brown,canal cultura nordestina,2020-11-25T19:51:55Z,237,20
don cesao   podpah 20,empresarios e visionarios prontos pra bater de frente e pra bater as metas,podpah pocket,2020-11-25T20:06:44Z,175,5
don cesao   podpah 20,igao cada dia mais solto levada leve da conversa com pontos super relevantes mitico na evolucao constante e visivel estao de parabens muito bom conhecer esse outro lado mais centrado dos dois,doug,2020-11-25T23:53:40Z,168,4
don cesao   podpah 20,um dos mais importantes da cena,podpah pocket,2020-11-25T20:09:19Z,150,0
don cesao   podpah 20,chama o febem e o flezzus ou ate mesmo o leall,bel teixeira,2020-11-25T21:10:34Z,103,2
don cesao   podpah 20,don cesao e muito visionario caminhada desse cara e incrivel top d,all slots brasil,2020-11-25T19:15:00Z,95,0
don cesao   podpah 20,traz o raffa moreira,canal cultura nordestina,2020-11-25T19:51:33Z,94,4
bruno fabil planeta novo   podpah 19,note como o igao e o mitico estao 100 focado no papo encantado pelo bruno xibiu,podpah pocket,2020-11-23T20:14:08Z,1490,35
bruno fabil planeta novo   podpah 19,mitico sem barba e mt feio maluco kkkkkkkk,tv parodia,2020-11-23T20:51:27Z,818,18
bruno fabil planeta novo   podpah 19,"sou muito fa do bruno cara e muito bom no que faz papo reto
chama o salvador",mente positiva,2020-11-23T22:39:45Z,498,14
bruno fabil planeta novo   podpah 19,crlh oq aconteceu com fabil e a mesma coisa que ta acontecendo com a gente do canal cair bastante as views e nao recomendar mais ta foda,tv parodia,2020-11-24T02:52:22Z,334,13
bruno fabil planeta novo   podpah 19,a forma que o fabil explica os fatos historicos e as curiosidades e muito foda se ele se tornar um historiador o nivel de informacao vai ser outro nivel,marcio weslley,2020-11-23T22:44:18Z,329,4
bruno fabil planeta novo   podpah 19,"pra quem nao tava ao vivo o chat descobriu alguns membros do fabilverso

bruno fabil
bruno sumiu 
bruno canil 
bruno fuzil
bruno partiu
bruno barril 
bruno sombrio
bruno funil 
bruno febril
bruno rivotril 
bruno caiu 
bruno sentiu 
bruno vinil 
bruno explodiu 
bruno exibiu 
bruno hostil
bruno navio 
bruno bombrio
bruno baniu 
bruno pernil
bruno previu 
bruno sem tio
bruno brazil
bruno uniu 
bruno mv bill 
bruno dormiu 
bruno tio phill 
bruno anil 
bruno pavio  
bruno saiu
bruno raul gil
bruno cuspiu 
bruno esculpiu 
bruno infantil
bruno civil
bruno abril
bruno abriu 
bruno assobio
bruno faliu
bruno covil
bruno sutil 
bruno habil
bruno ardil 
bruno perfil 
bruno varonil 
bruno senil
bruno viril 
bruno servil 
bruno fabril 
bruno juvenil
bruno refil 
bruno tatil
bruno quadril 
bruno reptil
bruno sextil 
bruno alibil 
bruno erratil 
bruno cobril 
bruno rabil
bruno cortil 
bruno serril 
bruno pelacil 
bruno petril
bruno busil 
bruno basil 
bruno badil 
bruno mastil 
bruno mostil 
bruno gravatil 
bruno nescio
bruno psiu 
bruno plantio 
bruno arrepio 
bruno vibrio 
bruno ciprio
bruno xibiu
bruno fabio
bruno xibil
bruno max steel 
bruno bafil
bruno puta que pariu 
bruno repetiu 
bruno sorriu
bruno que partiu
",sirzinguuh,2020-11-23T20:21:41Z,316,31
bruno fabil planeta novo   podpah 19,parece que o igao admira pra crl o fabil kkk,guilherme _,2020-11-23T20:17:32Z,302,13
bruno fabil planeta novo   podpah 19,so convidado foda heim igao e mitico nao erram uma ,matheus soares,2020-11-23T20:08:40Z,272,6
bruno fabil planeta novo   podpah 19,essa camisa do igao da impressao de que ele ta de mochila kkkkkkkk,italo araujo,2020-11-24T13:46:28Z,227,6
bruno fabil planeta novo   podpah 19,"junior fabio c conhece o ozzy
igao n nunca encontrei ele",gabriel,2020-11-23T20:26:28Z,204,7
mc hariel  podpah 18,haridade melhor do ano,podpah pocket,2020-11-20T20:38:26Z,4184,103
mc hariel  podpah 18,ae man tentam chamar o brinquedo pode ser uma nova oportunidade para um recomeco pra ele mlk e brabo,renan murbach,2020-11-21T20:41:59Z,3958,114
mc hariel  podpah 18,muitos tao reconhecendo o talento do hariel agora mas ele e um dos melhores mcs ja vem de um tempo,gu,2020-11-20T19:06:50Z,3019,115
mc hariel  podpah 18,cracolandia ta lotado de curioso hariel o melhor nao tem como,mente positiva,2020-11-20T20:11:31Z,1719,24
mc hariel  podpah 18,mc hariel falo tanto pai que eu quase adotei ele,barbara silva,2020-11-25T01:31:06Z,1384,20
mc hariel  podpah 18,hariel e um baita artista nesse caminho ai ele sera um icone do funk na prateleira onde poucos tem espaco,ricardo chama,2020-11-21T09:38:48Z,1001,20
mc hariel  podpah 18,visaoooooooo demais slc,diario de um frito,2020-11-23T16:56:42Z,676,3
mc hariel  podpah 18,nois vai chutar o alicerce da sua piramide sabotar essa porr de ranking ,podpah pocket,2020-11-20T22:19:33Z,568,5
mc hariel  podpah 18,hariel fala tao baixo e o mitico berra igual a cardi b ,gleyce kelly,2020-11-22T00:46:13Z,454,3
mc hariel  podpah 18,nem vi ainda mas a historia vai ser foda ,renato santos,2020-11-20T20:54:07Z,437,2
dihh lopes  podpah 17,obrigado pelo convite rapaziada e parabens pelo trampo tamo junto ,dihh lopes,2020-11-18T22:50:49Z,2366,49
dihh lopes  podpah 17,queremos 6 horas de zoio no podpah com alek e inutilismo caralho bagulho e loco,mundo grow,2020-11-18T12:39:39Z,524,24
dihh lopes  podpah 17,"dihh eu namoraria com a suzane von richtofen 
igao ah mano ",podpah pocket,2020-11-18T18:30:43Z,366,6
dihh lopes  podpah 17,dihh e muito maduro nao consumo muito o estilo de comedia dele mas respeito muito e defendo o fato de poder fazer material do podcast foi incrivel ,stefany gabriela sousa,2020-11-19T12:18:17Z,117,2
dihh lopes  podpah 17,meu marido me chama de dih lopes so porque na semana em que roubaram o carro dele ele teve um pesadelo em que ele estava sofrendo um acidente ai eu acalmei ele dizendo calma amor nao temos mais carro,casa,2020-11-18T17:32:51Z,109,3
dihh lopes  podpah 17,"3 passos para ser um comediante de sucesso

cadeirante perdemo",elias matheus ,2020-11-18T23:02:57Z,95,6
dihh lopes  podpah 17,quando o dihh comecou a dar o exemplo do cadeirante eu  fiquei esperando ele falar se o cadeirante nao gostou do show ele que levante e va embora,thiago lara,2020-11-25T15:59:19Z,94,3
dihh lopes  podpah 17,alguem agora,pedro craft,2020-11-18T06:41:03Z,77,24
dihh lopes  podpah 17,"dihh lopes a
igao mas voce nao acha que",kaio,2020-11-18T21:47:06Z,69,6
dihh lopes  podpah 17,so falta um podpah com o predella e nog,tycalzin,2020-11-18T18:57:11Z,61,2
krawk   podpah 16,tmj familia ,krawk,2020-11-16T21:40:58Z,10211,115
krawk   podpah 16,"o perdao e libertador tanto pra quem e perdoado quanto pra quem perdoa

krawk humilde demais merece todo o sucesso do mundo",yasmin teles,2020-11-18T19:08:48Z,1029,10
krawk   podpah 16,traz o filipe retele passa umas ideias topse quiserem tbmcurte esse coment e comenta tbm pra eles ver,caioandrade,2020-11-16T22:07:05Z,1023,33
krawk   podpah 16,chama o kayblack,kamui oficial,2020-11-16T21:06:17Z,923,106
krawk   podpah 16,"krawk humildade pura sempre representando o rap
monstro d




em breve cortes aqui no canal",all slots brasil,2020-11-16T21:04:36Z,825,0
krawk   podpah 16,krawk fala tao bem que da vontade de ver mais umas 5 vezes,artur jorge,2020-11-17T03:57:18Z,741,9
krawk   podpah 16,krawk o heroi injusticado da cena,bujhow,2020-11-16T21:07:24Z,586,1
krawk   podpah 16,"foi eu leonardo e o andrei lembro que o andrei foi comhoje o andrei vende passarinho salve andrei
ashsuahsuahsuahsuahsuah",gerson correia,2020-11-17T00:28:34Z,581,7
krawk   podpah 16,pros caras que chamam o krawk de boy ta ai a resposta o cara veio de origem mo humilde e segue na luta sempre maximo respeito podpah mais um programa dahora demais,podcortes oficial,2020-11-16T21:37:35Z,563,6
krawk   podpah 16,o oculos e o cabelo do krawk parece um uma pessoa com bigode,gabriel lins,2020-11-16T22:39:08Z,472,18
monark  podpah 15,genial a ideia do ultimo podcast do ano revertendo o ganho pra uma instituicao,aiefoda,2020-11-14T19:05:58Z,983,20
monark  podpah 15,"ai quanto mais rapido ela se aprimora mais rapido ela consegue se aprimorar  monark 
kkkkk",projeto remake,2020-11-14T18:11:10Z,789,34
monark  podpah 15,o monark e transcendente ele ta em dois podcasts ao mesmo tempo,gaba,2020-11-14T17:04:37Z,680,11
monark  podpah 15,monark so disse verdades nenhum youtuber se importa de verdade com vc,igor ,2020-11-14T18:38:05Z,414,16
monark  podpah 15,mitico deu aquele tapa na pantera espancadaco kkkkkkkkkk,vitor meyer,2020-11-14T17:37:03Z,384,21
monark  podpah 15,sou professor de filosofia e afirmo que o monark expressou um profundo conhecimento acerca dos mecanismos politicos da democracia a critica ao sistema representativo faz coro a inumeros filosofos como rousseau plekhanov lukacs thoreau e a lista segue esse debate e extremamente contemporaneo o professor da usp vladimir safatle comenta bastante acerca do tema em muitas das conversas gravadas e disponiveis aqui no yt o publico tem que se informar mais acerca do que as pessoas falam e julgar menos baseados na fama ou nas impressoes pessoais que cada um tem,guilherme seidel,2020-11-16T23:21:31Z,185,8
monark  podpah 15,"to so esperando o monark ser cancelado por falar do bolsonaro e felipe neto
kkkkkkk",all slots brasil,2020-11-14T17:33:23Z,183,6
monark  podpah 15,esse foi o podcast mais filosofo que eu ja vi,guilherme limeira,2020-11-14T17:21:13Z,183,4
monark  podpah 15,monark podia escrever um livro como a maconha mudou a minha vida,sergio gonzalez,2020-11-14T19:47:59Z,164,7
monark  podpah 15,"bingo do podpah de hoje ajudem a completar
fixo
 mcdonalds
 mano brown
 zoio
 mitico dj
 amizade do igao com o julio
 youtube em 2015 ou 2014
 cabeca gravida ou similares
 indireta pro fellipe escudero

convidado
 minecraft
 youtube em 2010 ou 2011
 felipe neto
 maconha
 dota
 ponte ponte
 ia
 monark relacionando a vida com um jogo
 monark tentando explicar deus
 cancelamento do monark
 monociclo do monark",podcortes oficial,2020-11-14T14:14:59Z,155,21
duzz  podpah 14,duzz e o mais versatil concordam,podpah pocket,2020-11-12T10:05:54Z,1699,32
duzz  podpah 14,que foda  relembrar os role  do barraco de plastico pqp ,bruno vlogs,2020-11-13T01:45:47Z,1493,17
duzz  podpah 14,duzz e mt inspiracao venceu a depressao e hoje ta ai mostrando todo o talento na ucla,victorya alk,2020-11-12T11:06:42Z,838,29
duzz  podpah 14,"o flow nunca chamou mas espero que voces chamem 

pelo amor de tudo o que e sagrado troquem ideia com sant
mlk do rio uma mente muito foda de se conhecer pprt vao atras",joao gabriel,2020-11-12T20:38:51Z,830,89
duzz  podpah 14,se tivesse 5h de podcast com esse bicho eu assistiria tranquilamente,erika santos,2020-11-13T04:20:37Z,522,11
duzz  podpah 14,"sugestoes pro podpah
 dj rogerinho do quero
 raffa moreira
 matue
 scoppey
 joao mmmv
 negao da bl
 everson zoio",joao vinicius,2020-11-13T00:53:42Z,389,23
duzz  podpah 14,nao conheco muito a historia do duzz esperando por esse episodio pra conhecer mais sobre esse homem que alegra meus ouvidos,kznpjl,2020-11-12T11:53:01Z,369,20
duzz  podpah 14,do cenario nao tem outro duzz e o mais brabo vivencia e humildade pura,kaique silva,2020-11-12T06:06:38Z,369,3
duzz  podpah 14,"1654 
virei o poeta predileto do meu pai
duzz  ladrao de lagrimas",zimdobigod,2020-11-12T22:34:18Z,323,5
duzz  podpah 14,por favor falem com o sant vai bater muito com o podcast de vcs ele precisa de algum lugar pra falar o garoto e cheio de humildade simplicidade e compromisso garanto que sera de alta importancia,fabiano camargo,2020-11-12T23:24:12Z,301,22
caracol raivoso  podpah 13,fodoes  logo to ai,everson zoio,2020-11-10T22:28:15Z,19479,265
caracol raivoso  podpah 13,eu posso afirmar com todas as palavras que o caracol e o cara mais humilde do youtube,gustavo lazaro,2020-11-11T00:35:36Z,17909,274
caracol raivoso  podpah 13,voce e monstro marcos ,mc bmo,2020-11-11T04:39:40Z,9035,48
caracol raivoso  podpah 13,parabens mitico e o igao que vai ajuda caracol mora em sao paulo,filipe lemos,2020-11-10T21:39:20Z,8691,61
caracol raivoso  podpah 13,"caracol  ja vendi bolo 
eu  valinhos  kkkk

entendedores entenderao ",joao ribeiro,2021-01-13T21:55:39Z,3820,88
caracol raivoso  podpah 13,5 meses  q isso foi transmitido e ate hj o caracol nao voltou com tudo,naely malaquias,2021-04-18T18:36:24Z,2897,134
caracol raivoso  podpah 13,se o caracol nao tivesse comecado a fazer videos eu tava bem fodido kkkkk,woods,2020-11-11T16:51:11Z,2824,30
caracol raivoso  podpah 13,fui a dona do primeiro fa clube pro caracol ele e foda demais merece tudo de bom ,leticia almeida,2020-12-07T22:14:37Z,2754,33
caracol raivoso  podpah 13,caracol foi a entrevista mais visualizada ele nao enxerga a sua relevancia vlw os 2 pelo apoio ele precisa de um ombro amigo   ,lucas isidoro,2020-11-18T04:10:54Z,2345,35
caracol raivoso  podpah 13,caracol o cara que so notificacao de que postou video e capaz de mudar o meu humor inspirar e mudar meu dia o cara e foda no que faz pode sumir por 10 anos caracol marcos sera sempre lembrado,samuel sturnichi,2020-11-11T05:20:57Z,2342,8
thiago ventura  podpah 12,"salve pro podpah 
quero deixar um salve pra geral 
poder participar de um papo suave sem precisar ficar tentando ser engracado de proposito eh apampa tambem eu achei pra porra hahaahaha maaaaaaaas queria muito saber a opiniao de voces pq eu achei da hora mas depois que cheguei em casa eu fiquei pensando mano sera que eu nao tinha que ficar metenu varias piadas hahahahahaha quero ler e responder quem puder da um salve ",thiago ventura,2020-11-07T21:05:10Z,16204,493
thiago ventura  podpah 12,voce tem que ser varias versoes de voce pra entender o que voce vai ser,jefferson ferreira barros,2020-12-08T19:42:45Z,3177,24
thiago ventura  podpah 12,que papo foda caminhada desse cara e incrivel,paccouple,2020-11-07T02:56:21Z,2188,9
thiago ventura  podpah 12,percebemos que o mitico nao sabe conversar quando o assunto e mais serio kkkkkkkkk,jackson henrique,2021-01-01T05:00:31Z,2013,7
thiago ventura  podpah 12,nao mas o ventura supriu,o igao falou sobre o mano brown,2020-11-06T20:02:08Z,1825,22
thiago ventura  podpah 12,o mundo e outro dentro de casa essa fita memo,gabriel alves,2020-11-11T18:13:07Z,1737,22
thiago ventura  podpah 12,"o mundo e outro dentro de casa thiago ventura
concordo 1000",lucas dos santos,2020-12-10T00:15:57Z,1719,4
thiago ventura  podpah 12,"mitico ta ligado
thiago ta ligado truta
igao eta ligado",brazilian civilian,2020-11-11T17:19:33Z,1118,13
thiago ventura  podpah 12,big big e sangue bao demais em 2015 ele veio na minha cidade o primeiro standup que rolou aqui e tive oportunidade de tirar uma foto com ele ainda nessa fase da polo so progresso,lucao gameplay,2020-11-12T22:13:06Z,1104,6
thiago ventura  podpah 12,"da pra ver que o mitico ta cada vez mais a vontade pra trocar as ideia 
daora 

oucam meu ep abraco",zohann 035,2020-11-06T20:26:03Z,937,10
caue moura  podpah 11,nao vejo a hora do caue ter o proprio podcast na nova mansao do flow vai ser mto foda,podpah moments,2020-11-04T21:16:55Z,753,11
caue moura  podpah 11,"se inscreva no canal de cortes oficiallllllllllll
chamaaaaaaaaaaaaaaaaaaaaaaaaaa",cortes podpah oficial,2020-11-05T01:37:47Z,648,17
caue moura  podpah 11,"ninguem

mitico eu conheci o vampeta",gustavo anjos,2020-11-04T21:20:38Z,479,4
caue moura  podpah 11,mc dark sorcerer de volta no server,dinossarro,2020-11-05T13:50:42Z,405,12
caue moura  podpah 11,mano iria ser foda um com o diogo defante,arthur santos,2020-11-04T21:39:09Z,350,13
caue moura  podpah 11,episodio foda d mano acompanho o caue desde os primordios do youtube quando eu ainda tava no ensino medio e um colega me apresentou o 1337 muito foda ver essa evolucao no decorrer dos anos,podcortes oficial,2020-11-04T21:03:29Z,287,3
caue moura  podpah 11,esse sem duvidas foi um dos melhores episodios ate agora acompanho o caue desde 2014 e nem sabia que ele tinha tantas historias pika foi muito bom reviver essa epoca principalmente do insanos saudades,clipes podpah,2020-11-04T21:12:32Z,208,0
caue moura  podpah 11,"caue a
mitico mano isso marcou o youtube",junior,2020-11-04T21:47:58Z,201,1
caue moura  podpah 11,essa conversa e a prova do quanto que o movimento dos podcasts tem sido positivo o papo no flow foi daora e teve uma pegada e aqui no podpah foi sensacional e muitoooo outra vibe ambas positivas e construtivas papo bom,pedro botrel,2020-11-05T06:19:05Z,169,2
caue moura  podpah 11,ai sim caue lojadescealetrapontocompontobeerrrreeeeeeee,victor froz,2020-11-04T21:34:51Z,168,0
guilherme boulos  podpah 10,chama o craque neto,anime go,2020-11-02T18:01:44Z,2249,79
guilherme boulos  podpah 10,quem diria que chamariam o mauricio meirelles,wesley henrique,2020-11-02T14:56:45Z,1917,10
guilherme boulos  podpah 10,sou vizinho do boulos e queria que ele invadisse minha casa pra nois toma uma breja,morcego,2020-11-03T02:02:46Z,1742,100
guilherme boulos  podpah 10,acho incrivel como o igao faz as perguntas na humildade interessado igao vc e brabo,maria fernanda rodrigues,2020-11-03T05:57:37Z,1424,14
guilherme boulos  podpah 10,mano assisto bastante o flow mas a troca de ideia que voces tiveram com o boulos foi bem mais dahora parabens manos,gui mota,2020-11-03T17:49:12Z,1392,22
guilherme boulos  podpah 10,to virando fa do igao depois desse podcast menor e pica,daniel s,2020-11-02T22:44:00Z,1272,21
guilherme boulos  podpah 10,otimo o papo igao ta melhorando a conducao do programa ta ficando show,hugo camara,2020-11-03T01:20:11Z,1011,8
guilherme boulos  podpah 10,"igao e mitico dando uma aula de como conduzir um podcast respeitando o tempo do boulos falar e sempre acrescentando ao debate

os mlk tao voando",doomnero,2020-11-03T03:47:21Z,731,9
guilherme boulos  podpah 10,sem duvidas se o transporte do brasil fosse melhor eu deixaria o carro em casa,laurent,2020-11-02T21:39:44Z,568,16
guilherme boulos  podpah 10,"igao cada podpah que passa tu fica melhor na puxada do podcast
parabens pela evolucao rapida mano",william gutierrez,2020-11-03T00:29:33Z,562,0
young mascka  podpah 09,para o young mascka contar todas suas historias tinha que ser umas 12h de podcast,all slots brasil,2020-10-30T01:27:02Z,3085,46
young mascka  podpah 09,melhor convidado kkkkkkkkkkkkkkkkkkk queria as historias do lobisomem,reagindo,2020-10-30T03:26:01Z,2904,32
young mascka  podpah 09,nao conhecia o mascka e foi o melhor podpah ate hjfalo isso com 100 de certezamascka ganhou um seguidor,victor araujo,2020-11-18T04:03:06Z,1071,42
young mascka  podpah 09,"1130
mascka fiquei treize dia no sofa
mitico tres dias
mascka treize dia deitado no sofa
mitico nao tres ou treze
mascka treize dias

mitico deve ta ate agr sem saber se foi 3 ou 13 kkkkkkkkkkkkkkkkkkkkkkk",willian soares,2020-10-30T15:54:25Z,708,23
young mascka  podpah 09,so os filhote de condominio falando q o mascka ta mentindo nunca viveram  o mundo real,guilherme henrique,2020-10-30T03:31:11Z,701,39
young mascka  podpah 09,ja me matei algumas vezes nem a morte para o grande mascka porra o cara brigou com o x,criminal meiko,2020-10-30T02:47:31Z,686,7
young mascka  podpah 09,estava esperando o dfideliz chegar do nada falando ohh mascarenhas faz o seguinte,leandro martins,2020-10-30T07:50:36Z,580,5
young mascka  podpah 09,mascka safado so fica no churrasco e nao lanca o album drip de negao ja tem um ano de previa kkkkkkkkkkkk,jackson junior,2020-10-30T02:00:16Z,573,8
young mascka  podpah 09,agr eu entendi pq todo mundo pedia kkkkkkkkkkkkkk q resenha mano o melhor ate agr,cristofer camargo,2020-10-30T22:46:01Z,467,6
young mascka  podpah 09,"morro de medo de morrer
underground igao 2020",vyctor verdi,2020-10-30T04:33:25Z,460,2
bob 13  podpah 08,podiam chamar o jhony rapaziada dao mt pouca visibilidade pra ele voces iam se encaixar maneiro,renan sarpe,2020-10-27T20:08:38Z,444,20
bob 13  podpah 08,ja sabemos q ele vai falar do krawk kkkkkkk,pedro henrique,2020-10-27T03:26:42Z,384,14
bob 13  podpah 08,qualquer dia eu aprendo a rimar man,butterzim,2020-10-27T21:30:56Z,257,17
bob 13  podpah 08,1 like um marretao no bob,matheus kenzo,2020-10-27T03:27:37Z,245,1
bob 13  podpah 08,podpah e pika mas esse boroca do bob 13 eu nao assisto paz,tarik ferrari,2020-10-27T03:35:55Z,217,21
bob 13  podpah 08,bob 13  legal legale o kayblack rola nunk gordoes ,joao duarte,2020-10-27T03:35:29Z,186,0
bob 13  podpah 08,chama o krawk agora pra ficar em equilibrio kkk,caosz,2020-10-27T17:24:09Z,181,8
bob 13  podpah 08,traz o jhonny mc,casal de negocios ,2020-11-17T20:03:00Z,173,5
bob 13  podpah 08,tras o kayblack e o caverinha junto faz um double podpah to falando isso a decadas pro flow mas ta ne ,s l o w,2020-10-27T19:51:27Z,167,13
bob 13  podpah 08,bob 13 e mais corrupto q o lobo de wall street,mateus7,2020-10-27T17:35:39Z,163,9
kyan  podpah 07,traz o hariel,tulio aguiar,2020-10-24T17:01:47Z,4243,178
kyan  podpah 07,"kyan mlk mt monstro 
nois da batalha do villa queria colar ai pra falar mt da cena de batalhas do brasil hein ",batalha do villa,2020-10-24T17:47:47Z,1840,53
kyan  podpah 07,"tras o kayblack pelo amor de deus 


jacare que dorme vira polo ",pierre peterson,2020-10-24T17:48:42Z,866,55
kyan  podpah 07,monstro pode gritar ,mc neguinho bdp,2020-10-28T17:28:44Z,733,14
kyan  podpah 07,"todo pretin ja foi o cirilo em algum momento
se nao era cirilo era o chris kkkkkkkkkk",daniel,2020-10-25T23:08:53Z,590,23
kyan  podpah 07,mlk bom merece oq ta alcancando ,jomaa,2020-10-26T19:56:57Z,546,0
kyan  podpah 07,mano ele falando minha mae msm faleceu no comeco desse ano e de partir o coracao slk,luan leite wisenfath,2020-10-25T04:50:10Z,481,8
kyan  podpah 07,chama o young mascka,long free,2020-10-24T17:51:29Z,456,34
kyan  podpah 07,chamem o yunk vino,gustavo ferraz,2020-10-24T17:39:57Z,438,32
kyan  podpah 07,kyan mo cara de bravao e pa vai ver e mo suave kkkkkkkkk mlk humilde merece tudo isso que ta acontecendo,theus,2020-10-24T19:31:35Z,428,13
fred desimpedidos  podpah 06,rapaziada me aloprando que eu fiquei calado rapaziada os dois sao brother chei de historia e eu manjo nada de futebol rlx no proximo do kyan eu falei pra krl nao eh uma competicao de qm fala mais e sim deixar o papo tamo junto,vidamitica,2020-10-20T23:37:21Z,4364,91
fred desimpedidos  podpah 06,um bagulho q eu nao esperava e o fredao ter ido antes no podpah do q no flow,lucas menegueli,2020-10-20T06:19:40Z,2933,66
fred desimpedidos  podpah 06,"se inscreva no canal de cortes
hahahah so vaiiiiiiiiiiii",cortes podpah oficial,2020-10-20T19:54:14Z,1397,17
fred desimpedidos  podpah 06,nao,o igao falou sobre o mano brown,2020-10-20T18:12:57Z,1143,19
fred desimpedidos  podpah 06,"nesse podpah ira ter

fred falando do cr7
igao falando do mcdonalds
igao falando do mano brown
mitico comparando o pau dele a algum objeto",vrl,2020-10-20T13:11:46Z,1019,11
fred desimpedidos  podpah 06,"igao eu fui na festa da anitta

fred eu fui na casa do gabigol

mitico eu chapei com o vampeta

kkkkkkk acho q o mitico ganhou nessa",aleatoriedades aleatorias,2020-10-21T01:01:08Z,836,4
fred desimpedidos  podpah 06,fred e brabo demais,elegante,2020-10-21T05:48:18Z,777,7
fred desimpedidos  podpah 06,boto fe no podpah acho q vai ser um dos grandes podcasts do futuro desejo muita sorte pra vcs sou teu fa fred,canal futds,2020-10-20T18:26:29Z,719,13
fred desimpedidos  podpah 06,tem que trazer o henricao do pigas vulgo gogo de ouro,felipe faller,2020-10-20T14:31:02Z,544,8
fred desimpedidos  podpah 06,entao hj e com o homem de uma blogueira so,kelvin machado,2020-10-20T10:34:55Z,464,25
lucas inutilismo  podpah 05,"se inscrevam no canal de cortes oficial do podpah
para de ser burro mentira te amo
xd",cortes podpah oficial,2020-10-17T15:01:34Z,3600,116
lucas inutilismo  podpah 05,ta batizado kkkkkkkkkkkkkkkkkkkkkkkk,ricardo solares,2020-10-17T17:49:17Z,3167,32
lucas inutilismo  podpah 05,so convidado incrivel,butterzim,2020-10-17T15:52:01Z,2658,18
lucas inutilismo  podpah 05,melhor parte e o mitico falando  se eu fechar o olho e dai ele coloca as mao na orelha kkkkkkkkkk,francine medeiros,2020-10-27T16:21:22Z,2312,22
lucas inutilismo  podpah 05,nunca ri tanto kkkkkkkkkkkkkkkkkkkkkkkkkkkkkkkkkkk,castiel,2020-10-18T20:26:29Z,2277,19
lucas inutilismo  podpah 05,"mano so peco uma coisa entrevista com alek
quem quer curte",lucas sena,2020-10-17T22:23:30Z,2211,25
lucas inutilismo  podpah 05,10355 clique aqui kkkkkk,zaynab,2020-10-21T19:30:10Z,2021,100
lucas inutilismo  podpah 05,caralho melhor video da internet fodase kkkkkkkkkkkkkkkkkkkkkkk,ramoncion,2020-10-23T03:27:46Z,1661,6
lucas inutilismo  podpah 05,geme pra nos lucas,ilha de barbados,2021-03-04T17:21:48Z,1447,101
lucas inutilismo  podpah 05,lucas imitando o zoio e a coisa mais engracada que tem kkkkkkkkkkk tem que ter um ep com o zoio e o lucas juntos pfvr kkkk,pedro camargo,2020-10-25T18:03:18Z,1276,5
kant  podpah 04,"satisfacao imensa participar desse quadro com voces 
oficial_kant",kant,2020-10-13T21:12:56Z,11248,105
kant  podpah 04,,kant,2020-10-13T13:58:48Z,5070,40
kant  podpah 04,"foda ne se inscreva no canal oficial de cortes do podpah
se nao se ta lascado d hahahahah cola la",cortes podpah oficial,2020-10-14T01:39:27Z,2397,39
kant  podpah 04,kant e humildade pura fui ao camarim do raffa moreira e troquei ideia com o pessoal da recayd uma vez em barueri por causa dele deu o papo que se virasse a pulseira do camarote ao contrario ficava da mesma cor que a pulseira do acesso ao camarim kkkkkkk satisfacao mano,ybcaddu,2020-10-15T04:43:06Z,1720,12
kant  podpah 04,traz o cesar mc nmrl seria mt loko ver ele ai,joao marcus,2020-10-14T20:44:19Z,1648,84
kant  podpah 04,meudeus tava esperando muito podcast com o kant,butterzim,2020-10-13T00:41:20Z,1630,21
kant  podpah 04,o kant chegou num nivel de maturidade pela vivencia dele que ele parece aqueles tiozao que troca ideia com os jovens eu paro e fico vendo e reparando tudo o cara simplesmente e foda,luan costa,2020-10-15T21:27:26Z,1008,1
kant  podpah 04,"kant pode falar palavrao aqui
pode caralho kkkkkkk",duda vasconcelos,2020-10-17T04:06:07Z,906,2
kant  podpah 04,kkkkk essa eu ri viu pqp kant e brabo demais sucesso demais mlkao ,felipe heuer,2020-10-28T20:55:28Z,746,2
kant  podpah 04,a voz do kant e tao bonita que da pra dublar desenhos kkk,abaixa o preco do gas,2020-10-13T23:25:19Z,742,28
felipe castanhari  podpah 03,ja prevejo o igao agradecendo pelo notebook kkkkkkkkkkk,giovanni della dea ramos,2020-10-09T22:19:15Z,1768,31
felipe castanhari  podpah 03,ate hoje nao entendo o porque da galera pegar pilha com o escudero sendo que o que ele realmente critica e os influenciadores divulgarem lojasprodutos falsos como se fossem originais e enganarem quem compra inclusive senhor mitico lembra daquela porra de jr outlet que voce divulgava pois bem eu paguei quatrocentos reais em um tenis achando que era original e quando chegou nao era e ai ja olhou o outro lado escudero pode ser chato pra caralho mas nessa nao ta errado nao,davi,2020-10-10T19:23:04Z,1108,43
felipe castanhari  podpah 03,eu acho que o lance do felipe escudeiro e apontar os influencers que vendem roupa pirata como original,victor henrique,2020-10-11T16:28:20Z,592,19
felipe castanhari  podpah 03,escudeiro nao se importa com quem compra produto falsificado sabendo que e falso a grande critica e influenciadores que divulgam produtos falsificados como se fossem originais ate porque ele mesmo ja mostrou a quantidade de pessoas que vao falar com ele que pagou em outlet  x ou y preco de produto original e recebe produto falso quer dizer quando recebe,jullis matheus,2020-10-11T18:28:47Z,568,19
felipe castanhari  podpah 03,o que o fellipe escudero critica sao as lojas que vendem produtos falsificados falando que e original e os influenciadores que divulgam essas lojas ele nao critica quem usa mano,fexzzin,2020-10-10T21:48:01Z,455,17
felipe castanhari  podpah 03,descordo apenas na parte do escudeiro ele julgou quem realmente tem condicoes e divulgam as lojinhas de produtos falsos que vendem a preco de original isso que e foda,guiis,2020-10-10T22:01:42Z,402,7
felipe castanhari  podpah 03,no comeco falaram tanto sobre debate saudavel e etc 15 min depois mandaram o escudeiro tomar no cu pq n concordam com a opiniao dele ,guilherme serraglio,2020-10-11T20:13:20Z,376,27
felipe castanhari  podpah 03,adoro o podcast sou fa do igao e do castanhari a anos mas falaram merda na hora do felipe o cara sempre fala sobre terem opcoes originais acessiveis os caras pagam 800 conto numa parada falsa tendo coisa de 200 original deviam ir atras antes de falar bosta,sadi paraguassu,2020-10-10T18:14:31Z,368,22
felipe castanhari  podpah 03,o escudeiro n critica quem compra tenis falso ele critica influenciadores que fazem propaganda  de produtos falsos e sites falsos falando que sao verdadeiros e no final os compradores os clientes desses sites muitas vezes gastam muito dinheiro em um produtos falsos e nem recebem sao muitas vezes enganados e ele sempre diz que com o valor do falso sempre tem um original de outro modelo tao bonito quanto,iago duarte,2020-10-11T05:42:17Z,346,29
felipe castanhari  podpah 03,quem acha que o podpah vai dominar tudo deixa o likeee,olokomeu 2022,2020-10-09T22:39:52Z,326,10
igor 3k flow podcast  podpah 02,quando que o igor 3k vai no meu programa,vinheteiro,2020-10-06T01:35:51Z,3068,68
igor 3k flow podcast  podpah 02,a cara do igor expressa que ele vai dizer krlh kkkkkkkkkkkkkkkkkkkkkkk,mv soccer,2020-10-05T22:40:48Z,1818,16
igor 3k flow podcast  podpah 02,"bingo do igor 3k
 que doideira
 tenho duas filhas
 fui professor de ingles
 gta
 caraaaaaaalho
 mo bad vibes
 rio de janeiro
 curitiba
 dava jones meu irmao

esqueci algum kkkkk",canal inativo,2020-10-05T23:49:09Z,753,56
igor 3k flow podcast  podpah 02,isso que eu gosto de ver podcast bom ganhando reconhecimento e incentivo,taco_del_paco,2020-10-06T01:21:00Z,739,10
igor 3k flow podcast  podpah 02,"ai zika o canal oficial cortes do podpah  httpswwwyoutubecomchannelucc1rwdwexed2sko3v6h45wa
se inscreve la se voce tem preguica de assistir tudo",podpah,2020-10-06T19:59:38Z,525,17
igor 3k flow podcast  podpah 02,"proximos convidados irmaos berti tigresa vip bluezao kid bengala caneta azul vampeta craque neto negao da bl
quem quer esses mitos deixa o gostinha",haaland corinthiano,2020-10-05T22:30:10Z,485,21
igor 3k flow podcast  podpah 02,comentando sem fzr ideia do que eles vao flr pq o bgl so vai comecar amanha ,max gabriel,2020-10-05T22:56:29Z,444,4
igor 3k flow podcast  podpah 02,que daora ver meus parceiros juntos,max vianna,2020-10-07T05:21:34Z,376,5
igor 3k flow podcast  podpah 02,eu lembro do flow desde o comecinho e hj o bagulho e hype foda demais,ricardo solares,2020-10-06T16:51:11Z,298,13
igor 3k flow podcast  podpah 02,"sugestoes pro pod pah
 dj rogerinho do quero
 caracol raivoso
 jukanalha 
 joao mmmv
mc kevin",joao vinicius,2020-10-06T18:06:13Z,278,12
poderosissimo ninja  podpah 01,ninja a lenda ,kant,2020-10-08T03:58:26Z,10813,71
poderosissimo ninja  podpah 01,"satisfacao total fazer parte desse momento tao espetacular rapaziada
muito obrigado de coracao por todo o amor e carinho nas mensagens e vamo com forca total  nao podemos perder essa chance de ouro de fazermos historia e melhorar gigantemente nossas vidas para sempre
o esporte salva
dia 15 de novembro  25034 
abraco e beijo gigantesco pra todos
e nois",nunca mexa,2020-10-04T06:24:57Z,9192,106
poderosissimo ninja  podpah 01,esse maluco fala engracado mas e so ideia foda,dinossarro,2020-10-04T12:38:21Z,3124,11
poderosissimo ninja  podpah 01,ninja e monstro demais bixao desenrola,castiel,2020-10-03T19:44:19Z,3038,10
poderosissimo ninja  podpah 01,"tudo que eu nao gosto em voce eu corrijo em mim

 ninja",gustavo pinheiro,2021-04-07T02:37:46Z,2861,3
poderosissimo ninja  podpah 01,"estudo e alimento para o cerebro pra voce pensar mais rapido agir mais rapido pegar mulher mais rapido

tudo que eu nao gosto em voce eu corrijo em mim

e ta toda a galera la e pergunta por que voce nao foi voce

o que voce esta esperando pra ser voce

o melhor amigo e aquele que fode o outro

se tem um caminho tem um jeito

nos pagamos o preco pra sermos nos mesmos o preco foi carissimo mas a liberdade e maravilhosa

voce nunca vai chegar antes de mim

se o amor e real tem que aguentar competicao

voce e responsavel 100 pelos bagulho que acontece com voce

no fundo do poco tem mola

voce pegou 12 minas mas a que voce queria voce nao pegou

o pegador pega quem ele quer o trouxa pega quem ele pode

ninguem acredita em voce ninguem bota fe em voce entao quando voce entender que ninguem bota fe em voce e e so voce e deus meu brother

se voce nao consegue acreditar em voce como eu vou acreditar cara

voce tem que fazer as suas vontades quando voce fica nessa solitude quando caralh vou na sua vou na sua eu vou e na minha o que e que acontece ai voce encontra gente que nem voce e e ai que nois se tromba e nois se tromba e e ai meu parceiro que voce faz amigos

esse podcast foi licao de vida nao se passava 5 min sem ter uma frase foda falada pelo cara nao foi nem um podcast foi uma palestra do poderosissimo ninja sobre o que e a vida talvez tu nunca vai ler isso meu brother mas essa resenha que eu ouvi hoje me transformou em uma nova pessoa",strix,2020-10-15T02:29:52Z,2450,43
poderosissimo ninja  podpah 01,o ninja e tao brabo que ele mesmo conduz a conversa,joao gabriel de sousa barbosa,2020-11-01T00:58:38Z,1686,9
poderosissimo ninja  podpah 01,meudeus o ninja e muito foda,butterzim,2020-10-12T12:55:58Z,1306,7
poderosissimo ninja  podpah 01,esse cara e foda de verdade grande ninja,jhef oficial,2021-01-13T02:12:57Z,1298,5
poderosissimo ninja  podpah 01,"a vida e um jogo de erros e nao um jogo de acertos quem erra menos ganha

 ninja",gustavo pinheiro,2021-04-07T01:49:48Z,1273,5
igao e mitico  podpah 00,logo estou chegando,everson zoio,2020-10-03T02:09:29Z,4419,47
igao e mitico  podpah 00,tem que chamar o joao do mmmv relembrar as loucuras do passado sei que agora ele ta de boamas seria bem legal,pedro henrique,2020-09-28T00:21:09Z,3213,99
igao e mitico  podpah 00,preciso ir ai pra contar pro igao o dia que fui processado pelo gerente que demitiu ele do mac kkk,canal na encolha,2020-10-06T01:26:02Z,1883,50
igao e mitico  podpah 00,carai se esse e o flow da deep web e perfeito pra mim chama nois,jao em vao,2020-10-02T05:38:49Z,1838,9
igao e mitico  podpah 00,tenho certeza q os q deram deslike sao gerente do mac,brenop,2020-10-02T23:41:58Z,998,30
igao e mitico  podpah 00,chama o japa,jones,2020-10-01T05:08:18Z,844,22
igao e mitico  podpah 00,"fazer com marcos chiesa bola quem concorda deixa o like ",gabriel correa,2020-09-28T13:47:25Z,719,12
igao e mitico  podpah 00,vou acompanhar direto kkkkkkkkkk,castiel,2020-10-03T17:09:00Z,693,8
igao e mitico  podpah 00,os melhores flow sao os do mitico e quem discorda ta errado,dinossarro,2020-10-02T12:27:14Z,644,9
igao e mitico  podpah 00,aulasssssssssssss,versatil,2020-10-02T15:46:54Z,627,2
